"DESCRIPTION","DURATION IN MS","NAME","PARENT SUITE","START TIME","STATUS","STOP TIME","SUB SUITE","SUITE","TEST CLASS","TEST METHOD"
"","9256","new user completes a purchase","chromium","2026-10-10","passed","2026-10-10","Checkout (UI)","ui/checkout.spec.ts","",""
"","152","an item added through the API appears in the basket","chromium","2026-10-10","passed","2026-10-10","Basket API","api/basket.api.spec.ts","",""
"","61","search with no match returns an empty result set","chromium","2026-10-10","passed","2026-10-10","Products API","api/products.api.spec.ts","",""
"","1255","wrong password shows an error and does not authenticate","chromium","2026-10-10","passed","2026-10-10","Login (UI)","ui/login.spec.ts","",""
"","40","search for ""lemon"" only returns matching products","chromium","2026-10-10","passed","2026-10-10","Products API","api/products.api.spec.ts","",""
"","82","basket cannot be read without a token","chromium","2026-10-10","passed","2026-10-10","Basket API","api/basket.api.spec.ts","",""
"","34","user list requires authentication","chromium","2026-10-10","passed","2026-10-10","Auth API","api/auth.api.spec.ts","",""
"","113","a new user starts with an empty basket","chromium","2026-10-10","passed","2026-10-10","Basket API","api/basket.api.spec.ts","",""
"","2216","registered user can log in","chromium","2026-10-10","passed","2026-10-10","Login (UI)","ui/login.spec.ts","",""
"","60","search for ""apple"" only returns matching products","chromium","2026-10-10","passed","2026-10-10","Products API","api/products.api.spec.ts","",""
"","57","SQL injection must not allow login bypass","chromium","2026-10-10","passed","2026-10-10","Known vulnerabilities (expected to fail)","api/security.api.spec.ts","",""
"","119","a duplicate add should be a client error, not a server error","chromium","2026-10-10","passed","2026-10-10","Basket API","api/basket.api.spec.ts","",""
"","763","application loads and reports a version","chromium","2026-10-10","passed","2026-10-10","","ui/smoke.spec.ts","",""
"","142","adding the same product twice is rejected and does not duplicate the item","chromium","2026-10-10","passed","2026-10-10","Basket API","api/basket.api.spec.ts","",""
"","189","every product matches the expected schema","chromium","2026-10-10","passed","2026-10-10","Products API","api/products.api.spec.ts","",""
"","2037","item added from the catalog shows up in the basket","chromium","2026-10-10","passed","2026-10-10","Catalog & basket (UI)","ui/catalog.spec.ts","",""
"","224","catalog has valid names and prices","chromium","2026-10-10","passed","2026-10-10","Products API","api/products.api.spec.ts","",""
"","68","search for ""banana"" only returns matching products","chromium","2026-10-10","passed","2026-10-10","Products API","api/products.api.spec.ts","",""
"","206","wrong password is rejected with 401","chromium","2026-10-10","passed","2026-10-10","Auth API","api/auth.api.spec.ts","",""
"","92","registering an already-registered email is rejected","chromium","2026-10-10","passed","2026-10-10","Auth API","api/auth.api.spec.ts","",""
"","141","basket response matches the expected schema","chromium","2026-10-10","passed","2026-10-10","Basket API","api/basket.api.spec.ts","",""
"","424","the basket is emptied after checkout","chromium","2026-10-10","passed","2026-10-10","Orders API","api/orders.api.spec.ts","",""
"","77","a new user has no order history","chromium","2026-10-10","passed","2026-10-10","Orders API","api/orders.api.spec.ts","",""
"","149","an item can be removed","chromium","2026-10-10","passed","2026-10-10","Basket API","api/basket.api.spec.ts","",""
"","1872","searching shows the matching product","chromium","2026-10-10","passed","2026-10-10","Catalog & basket (UI)","ui/catalog.spec.ts","",""
"","166","quantity can be updated","chromium","2026-10-10","passed","2026-10-10","Basket API","api/basket.api.spec.ts","",""
"","203","valid credentials return a token and a basket id","chromium","2026-10-10","passed","2026-10-10","Auth API","api/auth.api.spec.ts","",""
"","71","registration must be rejected when passwordRepeat does not match","chromium","2026-10-10","passed","2026-10-10","Known vulnerabilities (expected to fail)","api/security.api.spec.ts","",""
"","367","a completed checkout appears in order history","chromium","2026-10-10","passed","2026-10-10","Orders API","api/orders.api.spec.ts","",""
"","246","a user must not be able to read another user's basket (IDOR)","chromium","2026-10-10","passed","2026-10-10","Known vulnerabilities (expected to fail)","api/security.api.spec.ts","",""
